sha	commit_date	author	committer	signed	parents	subject
be4939271e761c4946afead0d78a18c33d97987a	2026-08-31T09:34:54+10:00	mssonicbld	GitHub	signed	0b53c834b469a58214758527716e2268219b9936	[submodule] Update submodule sonic-utilities to the latest HEAD automatically (#29219)
0b53c834b469a58214758527716e2268219b9936	2026-08-31T09:34:47+10:00	mssonicbld	GitHub	signed	05752f45980ed88bdf394253941cdb4ff51fe94f	[submodule] Update submodule sonic-swss to the latest HEAD automatically (#29218)
05752f45980ed88bdf394253941cdb4ff51fe94f	2026-08-31T09:34:39+10:00	mssonicbld	GitHub	signed	1fd5f95d672fad22e8275e8de28a06da83cd2fae	[submodule] Update submodule sonic-sairedis to the latest HEAD automatically (#29217)
1fd5f95d672fad22e8275e8de28a06da83cd2fae	2026-08-31T09:34:26+10:00	mssonicbld	GitHub	signed	a1249a8adeaca8bd1d051d2d3aa8dca53bef130c	[submodule] Update submodule sonic-platform-common to the latest HEAD automatically (#29193)
a1249a8adeaca8bd1d051d2d3aa8dca53bef130c	2026-08-31T09:33:46+10:00	mssonicbld	GitHub	signed	adcef327eb01a9c35f4e87aa4c9923db1dc0da28	[submodule] Update submodule sonic-gnmi to the latest HEAD automatically (#28991)
adcef327eb01a9c35f4e87aa4c9923db1dc0da28	2026-08-26T23:46:37-07:00	yijingyan2	GitHub	signed	08d5588e1e51c1d2cc3826f5197193a8b7985a6e	[docker-ptf][202605] make external package versions reproducible and refreshable (#29063)
08d5588e1e51c1d2cc3826f5197193a8b7985a6e	2026-08-27T02:14:08+10:00	mssonicbld	GitHub	signed	f84a6f4b9b2e26441426c526be6e608bc45d8947	[nvidia-bluefield] Preserve MFT parent dep for kernel-mft-dkms (#29199)
f84a6f4b9b2e26441426c526be6e608bc45d8947	2026-08-27T01:13:54+10:00	mssonicbld	GitHub	signed	afa57942bfdaaa76181a12098f64b360d925e9db	[Mellanox] [logging] mellanox-fw-manager: surface and parse mlxfwmanager errors from stdout when stderr is empty (#29198)
afa57942bfdaaa76181a12098f64b360d925e9db	2026-08-25T20:33:02-07:00	rjojupom-cisco	GitHub	signed	2e111655037565fa8cff7b11aa342b9728fbcd2e	Update cisco-8000.ini (#29184)
2e111655037565fa8cff7b11aa342b9728fbcd2e	2026-08-26T08:13:11+10:00	mssonicbld	GitHub	signed	150f8fda6b4342b18c0037d1389c10b51acec9c5	[docker-fpm-frr]: Fix prefix_list script skipping on SmartSwitch (#29041)
150f8fda6b4342b18c0037d1389c10b51acec9c5	2026-08-25T13:19:41-07:00	Vaibhav Hemant Dixit	GitHub	signed	4c60e808f396ee82336f711f6076ec7c44a91657 5468218a81f8dd44121534ad845d016927521df8	Merge pull request #29013 from mssonicbld/cherry/202605/28733
4c60e808f396ee82336f711f6076ec7c44a91657	2026-08-25T13:19:38-07:00	Vaibhav Hemant Dixit	GitHub	signed	bda2add1442abd1972d083e33d16439bdeafac43 3719fbc9e6677ff8411d9bf4920b2de496d1a83a	Merge pull request #29070 from mssonicbld/cherry/202605/28714
bda2add1442abd1972d083e33d16439bdeafac43	2026-08-25T13:19:35-07:00	Vaibhav Hemant Dixit	GitHub	signed	081f6efdbfac2d3fd8b0169fa684220c6ce4405d d7799333b790027633ee8afac5bc211c12c0e0e8	Merge pull request #29021 from mssonicbld/cherry/202605/28668
081f6efdbfac2d3fd8b0169fa684220c6ce4405d	2026-08-25T13:19:32-07:00	Vaibhav Hemant Dixit	GitHub	signed	d1244a1459d984a6591a688e25722747e4ce458d accb4f41bac45c725f885df77c86e025ea27eaf1	Merge pull request #29011 from mssonicbld/cherry/202605/28636
d1244a1459d984a6591a688e25722747e4ce458d	2026-08-25T13:19:29-07:00	Vaibhav Hemant Dixit	GitHub	signed	a6457ead5d70871241cf723b35ebdc1588b905d4 320bb91b633a6f0c7ded9593b07fb2567366cbab	Merge pull request #29025 from mssonicbld/cherry/202605/28610
a6457ead5d70871241cf723b35ebdc1588b905d4	2026-08-25T13:19:25-07:00	Vaibhav Hemant Dixit	GitHub	signed	9b684b5f322d7566dd10339e8aa6d639d9034a89 d1f45805f85ed2c9119d7d8e406ec740f79a452c	Merge pull request #29017 from mssonicbld/cherry/202605/28577
9b684b5f322d7566dd10339e8aa6d639d9034a89	2026-08-25T13:19:22-07:00	Vaibhav Hemant Dixit	GitHub	signed	a73c95d9fd22582fb9fc79ae5221c686eefc707c 986e8c7049497ce9b40f703d6bd1882a06648d63	Merge pull request #29027 from mssonicbld/cherry/202605/28420
a73c95d9fd22582fb9fc79ae5221c686eefc707c	2026-08-25T13:19:18-07:00	Vaibhav Hemant Dixit	GitHub	signed	d41577ff5894b439db1df0143d1951071fc19bad 957f66ee82116dee1155e4e5de9830ecb49ad37a	Merge pull request #29022 from mssonicbld/cherry/202605/27823
d41577ff5894b439db1df0143d1951071fc19bad	2026-08-25T13:19:15-07:00	Vaibhav Hemant Dixit	GitHub	signed	388362528f653ed76eca4f5ab63777433138f516 3b3e78d850b388576acb26928e6e0908ab77be67	Merge pull request #29007 from mssonicbld/cherry/202605/27682
388362528f653ed76eca4f5ab63777433138f516	2026-08-25T13:19:11-07:00	Vaibhav Hemant Dixit	GitHub	signed	d5719ffe52ce2865bb38fa501d1c0da2c9a39082 6c93038080bbd2a1ac80befff2477544cdca3f88	Merge pull request #29010 from mssonicbld/cherry/202605/27408
d5719ffe52ce2865bb38fa501d1c0da2c9a39082	2026-08-26T02:15:05+10:00	mssonicbld	GitHub	signed	be5aa2b8dd6c214283913589c3c56ed02324b5dd	[submodule] Update submodule sonic-utilities to the latest HEAD automatically (#29169)
be5aa2b8dd6c214283913589c3c56ed02324b5dd	2026-08-26T01:13:56+10:00	mssonicbld	GitHub	signed	ee593568df4f7f5c426d1aba9ee44c6736ff5f7e	[submodule] Update submodule sonic-platform-common to the latest HEAD automatically (#29034)
ee593568df4f7f5c426d1aba9ee44c6736ff5f7e	2026-08-26T00:15:10+10:00	mssonicbld	GitHub	signed	050eff81793442c7e7d9a80a5e55e66a045d9e26	[submodule] Update submodule sonic-swss to the latest HEAD automatically (#29168)
050eff81793442c7e7d9a80a5e55e66a045d9e26	2026-08-25T22:15:30+10:00	mssonicbld	GitHub	signed	3b27a49cd3f7ad17d7d2e1ab82e40a49cfd1cd67	[Pensando] Add SmartSwitch chassis APIs and fix container health check (#29112)
3b27a49cd3f7ad17d7d2e1ab82e40a49cfd1cd67	2026-08-25T10:15:02+10:00	mssonicbld	GitHub	signed	af67e054b3f9226d5795441813ec4cb469c518a2	[202605] [Mellanox] Update SAI/SDK/FW/MFT/SIMX versions (#29165)
af67e054b3f9226d5795441813ec4cb469c518a2	2026-08-24T11:43:53-07:00	Daniel Isakov	GitHub	signed	08a1f61c1bba8882ce7aad93828425f2b7ccb2ce	[202605] [Mellanox] Update SAI/SDK/FW/MFT/SIMX versions (#28972)
08a1f61c1bba8882ce7aad93828425f2b7ccb2ce	2026-08-24T23:15:03+10:00	mssonicbld	GitHub	signed	d517ecd1b42559c46ed8ebefe9f00ce900e37f70	[submodule] Update submodule sonic-sairedis to the latest HEAD automatically (#29132)
d517ecd1b42559c46ed8ebefe9f00ce900e37f70	2026-08-24T21:14:05+10:00	mssonicbld	GitHub	signed	39a5bf7a4400c0539d17c1db701e6177a04afe71	[submodule] Update submodule sonic-host-services to the latest HEAD automatically (#29032)
39a5bf7a4400c0539d17c1db701e6177a04afe71	2026-08-24T16:51:25+10:00	mssonicbld	GitHub	signed	ad6f5b869a8cacb3cb7eefe7dc226bf6f85480ff	[dhcp_server] Revert container-side docker0 syslog iptables add/del (#26637); caclmgrd to own the rule (#29029)
ad6f5b869a8cacb3cb7eefe7dc226bf6f85480ff	2026-08-24T10:12:27+10:00	Saksham Khurana	GitHub	signed	71b53c5eaaf01de887b5698ed600cc5928623dd9	[ci]: Align pipeline branches with 202605 (#29089)
71b53c5eaaf01de887b5698ed600cc5928623dd9	2026-08-24T08:03:29+10:00	mssonicbld	GitHub	signed	1b9c46411ccf8d9b8ea755b55696d4458e2843b9	[submodule] Update submodule sonic-utilities to the latest HEAD automatically (#29036)
1b9c46411ccf8d9b8ea755b55696d4458e2843b9	2026-08-23T22:38:25+10:00	mssonicbld	GitHub	signed	10ae4708751b8e0e3c699b10c5f287d0bd4c80d3	[submodule] Update submodule dhcprelay to the latest HEAD automatically (#29092)
10ae4708751b8e0e3c699b10c5f287d0bd4c80d3	2026-08-20T10:05:53+10:00	mssonicbld	GitHub	signed	84d74ca1aa3b233d1198b3eae18e79c420893493	libteam: Fix teamsyncd fd corruption during teamd -r (#29072)
84d74ca1aa3b233d1198b3eae18e79c420893493	2026-08-19T14:40:26+10:00	mssonicbld	GitHub	signed	80d8c0e58cf4b0de6c13a4652832f460013a0970	supervisor-proc-exit-listener-rs: fix /dev/log startup race (#29015)
80d8c0e58cf4b0de6c13a4652832f460013a0970	2026-08-18T21:14:20+10:00	mssonicbld	GitHub	signed	da935cf125a382d13635ccaa1c2e1e8940c6f439	[Mellanox] Link libsai with -Wl,-Bsymbolic to prevent SAI metadata preemption (#29069)
da935cf125a382d13635ccaa1c2e1e8940c6f439	2026-08-17T23:03:05-04:00	Daniel Isakov	GitHub	signed	b458aa381d0b43d11c95f10d31147e05da252350	Integrate HW-MGMT 7.0070.1013 Changes (#28973)
b458aa381d0b43d11c95f10d31147e05da252350	2026-08-14T18:14:06+10:00	mssonicbld	GitHub	signed	97776734f995163329eaa8f7dfec408bdfcc31d2	[Mellanox] Added read eeprom check for FW control (#29023)
97776734f995163329eaa8f7dfec408bdfcc31d2	2026-08-14T18:13:42+10:00	mssonicbld	GitHub	signed	47c5d2cfb6a331a491624484a4bafb9cab507dfb	[Mellanox] Update PSU fan speed tolerance and validation logic (#29018)
47c5d2cfb6a331a491624484a4bafb9cab507dfb	2026-08-14T18:13:27+10:00	mssonicbld	GitHub	signed	6c7a25ee817810b4d494e94483b038e426fc16bb	[Mellanox] Fix /tmp/nv-syncd-shared created with 755 by determine-reboot-cause (#29016)
6c7a25ee817810b4d494e94483b038e426fc16bb	2026-08-14T17:13:01+10:00	mssonicbld	GitHub	signed	81f07db79fa9ecf57e8bf588304dbce0ee7d7c69	[Mellanox] Create ASIC ready dir before writing ready file (#29012)
81f07db79fa9ecf57e8bf588304dbce0ee7d7c69	2026-08-14T17:12:44+10:00	mssonicbld	GitHub	signed	3a0394551e07c7ea372742e091264775a1631e1a	[Mellanox] Abort SFP readiness waits on daemon shutdown (#29009)
3a0394551e07c7ea372742e091264775a1631e1a	2026-08-14T15:13:19+10:00	mssonicbld	GitHub	signed	50c77c4bfb531cd4ed64020fdc19a14efaac6b54	[Mellanox] Wait for hw-mgmt sysfs to be ready before initializing thermals (#29024)
50c77c4bfb531cd4ed64020fdc19a14efaac6b54	2026-08-14T14:13:31+10:00	mssonicbld	GitHub	signed	0faeb81b8fdac63f138e16666db0eff9229e9ac1	[mellanox] Remove force power off during ONIE upgrade (#29019)
0faeb81b8fdac63f138e16666db0eff9229e9ac1	2026-08-14T14:12:52+10:00	mssonicbld	GitHub	signed	0562fdabf2e6ec0e2bdf253ef11a8c19c5f095e4	[Mellanox] Fix off-by-one in ASIC ready SFP change events (#29008)
0562fdabf2e6ec0e2bdf253ef11a8c19c5f095e4	2026-08-14T14:12:42+10:00	mssonicbld	GitHub	signed	b155da65ac21d1574aa96e47a1ad5a700d34e33a	[Mellanox] Avoid syncing clocks while warm reboot is in progress. (#29005)
b155da65ac21d1574aa96e47a1ad5a700d34e33a	2026-08-14T13:13:41+10:00	mssonicbld	GitHub	signed	700d4a0db2dbe92d8f7099b6ebdaae2c9e951c0e	[Mellanox] Fix ThermalUpdater ASIC temp read when STATE_DB has N/A (#29006)
700d4a0db2dbe92d8f7099b6ebdaae2c9e951c0e	2026-08-14T07:12:54+10:00	mssonicbld	GitHub	signed	ee573be7a414adeb8d38bfd11777f5a96017c97c	[ci] stop publishing docker-ptf in official vs build (#28998)
ee573be7a414adeb8d38bfd11777f5a96017c97c	2026-08-13T09:46:15-07:00	Aravind-Subbaroyan	GitHub	signed	71eda5ea11a604186d18c70df5068ca4b1578ab5	Update cisco-8000.ini (#28887)
71eda5ea11a604186d18c70df5068ca4b1578ab5	2026-08-12T22:00:37-07:00	aftabarista	GitHub	signed	9651ee9e66bbfe3296836019d2bc59128f3faea0	202605: Bump sonic-platform-modules hash (#28942)
9651ee9e66bbfe3296836019d2bc59128f3faea0	2026-08-12T13:55:05-07:00	Austin (Thang Pham)	GitHub	signed	da85b777459ced37a19b5201bc411722f802d952	fix(docker-ptf): remove vulnerable bundled pip artifacts (#28936)
da85b777459ced37a19b5201bc411722f802d952	2026-08-11T20:12:36+10:00	mssonicbld	GitHub	signed	fa49f265d316130817a222be92fa42c5950c5d41	[docker-ptf] Upgrade docker-ptf package versions (#28927)
fa49f265d316130817a222be92fa42c5950c5d41	2026-08-10T06:40:45-07:00	KroosMicas	GitHub	signed	3d22ec91f40bdf299df2ae662c3fb81c80fc7cdf	modify cpo bailly device (#27808) (#28140)
3d22ec91f40bdf299df2ae662c3fb81c80fc7cdf	2026-08-08T20:12:58+10:00	mssonicbld	GitHub	signed	38d1d47ef034542ab1706c6ff70bac72eeece83f	[docker-ptf] Upgrade docker-ptf package versions (#28883)
38d1d47ef034542ab1706c6ff70bac72eeece83f	2026-08-08T11:12:31+10:00	mssonicbld	GitHub	signed	e3096f0f7ba0be463a5346fd35c800a4c061f320	[submodule] Update submodule sonic-host-services to the latest HEAD automatically (#28898)
e3096f0f7ba0be463a5346fd35c800a4c061f320	2026-08-07T22:12:23+10:00	mssonicbld	GitHub	signed	5adaa1d353b963d6e325c9ceb4e301ce6fd72e5e	[submodule] Update submodule sonic-sairedis to the latest HEAD automatically (#28872)
5adaa1d353b963d6e325c9ceb4e301ce6fd72e5e	2026-08-07T19:12:49+10:00	mssonicbld	GitHub	signed	fedba40e0fd99255ca29ecec8357854479855ca8	[submodule] Update submodule sonic-utilities to the latest HEAD automatically (#28900)
fedba40e0fd99255ca29ecec8357854479855ca8	2026-08-07T14:12:49+10:00	mssonicbld	GitHub	signed	769e3d816ab3820948ed014602000306fb8e6d69	[Mellanox] Fix BMC import issue (#28892)
769e3d816ab3820948ed014602000306fb8e6d69	2026-08-06T23:12:34+10:00	mssonicbld	GitHub	signed	0b2faef94668aef37278566e8d6277200de7a807	[submodule] Update submodule sonic-host-services to the latest HEAD automatically (#28869)
0b2faef94668aef37278566e8d6277200de7a807	2026-08-06T12:53:47+10:00	mssonicbld	GitHub	signed	0a4c10fa8635341dd9095e82e259c8b7c5013abc	[build] upgrade p4lang-p4c package version (#28851)
0a4c10fa8635341dd9095e82e259c8b7c5013abc	2026-08-06T09:33:22+10:00	Austin (Thang Pham)	GitHub	signed	0fc772d2082790be95d4f09cc56470fc0243ac2c	fix(docker-ptf): update grpc-go to 1.82.1 (#28853)
0fc772d2082790be95d4f09cc56470fc0243ac2c	2026-08-05T11:48:20+10:00	yijingyan2	GitHub	signed	6ce54dd2c55af7a233d59d849a5b160a3061001f	[ci] cherry-pick master docker-ptf pipeline changes to 202605 (#28790)
6ce54dd2c55af7a233d59d849a5b160a3061001f	2026-08-04T22:12:41+10:00	mssonicbld	GitHub	signed	d14073a94a014e588c3289448a7d395ff1ca9a28	[submodule] Update submodule sonic-platform-daemons to the latest HEAD automatically (#28829)
d14073a94a014e588c3289448a7d395ff1ca9a28	2026-08-03T23:12:42+10:00	mssonicbld	GitHub	signed	f6b6a7cb89440f428e2070a9daaacd6797071c19	[submodule] Update submodule sonic-swss to the latest HEAD automatically (#28793)
f6b6a7cb89440f428e2070a9daaacd6797071c19	2026-08-03T23:12:22+10:00	mssonicbld	GitHub	signed	542024c4d61eabbeb4433a2a6b28cf4d6ac815f1	[QoS] Add SpineRouter support to shared QoS templates (#28761)
542024c4d61eabbeb4433a2a6b28cf4d6ac815f1	2026-08-02T23:12:21+10:00	mssonicbld	GitHub	signed	fc07ef80d4508139e98d6c77de148a5dd8e22e1a	[submodule] Update submodule sonic-swss to the latest HEAD automatically (#28781)
fc07ef80d4508139e98d6c77de148a5dd8e22e1a	2026-08-02T01:12:30+10:00	mssonicbld	GitHub	signed	02afe8ff671c9dc7931a3f394ff440fb8509a81e	[submodule] Update submodule sonic-utilities to the latest HEAD automatically (#28775)
02afe8ff671c9dc7931a3f394ff440fb8509a81e	2026-08-02T00:12:22+10:00	mssonicbld	GitHub	signed	dc3a1e74c8b050cad6e86e726faa4bf409273330	[submodule] Update submodule sonic-swss to the latest HEAD automatically (#28773)
dc3a1e74c8b050cad6e86e726faa4bf409273330	2026-08-01T23:12:45+10:00	mssonicbld	GitHub	signed	1cadf96dd98a86184d098b0e4331f23226b7ffa9	[submodule] Update submodule sonic-sairedis to the latest HEAD automatically (#28772)
1cadf96dd98a86184d098b0e4331f23226b7ffa9	2026-08-01T22:12:08+10:00	mssonicbld	GitHub	signed	50d9e844b41f0d35bb2846ffeb0fa0d01e1f8e1b	[submodule] Update submodule dhcpmon to the latest HEAD automatically (#28770)
50d9e844b41f0d35bb2846ffeb0fa0d01e1f8e1b	2026-08-01T11:12:57+10:00	mssonicbld	GitHub	signed	2a1ce70d5c385253d42047681aa63bb2cd389388	[Mellanox] Remove redundant hwsku interfaces for SN6600-LD (#28757)
2a1ce70d5c385253d42047681aa63bb2cd389388	2026-08-01T04:13:02+10:00	mssonicbld	GitHub	signed	8688fa899973e3849d293611b6637f6109b567a4	[submodule] Update submodule sonic-sairedis to the latest HEAD automatically (#28748)
8688fa899973e3849d293611b6637f6109b567a4	2026-08-01T02:13:14+10:00	mssonicbld	GitHub	signed	2e1a5630657fcd1b8f130b4e80f4c77f8a0da930	[submodule] Update submodule sonic-swss to the latest HEAD automatically (#28749)
2e1a5630657fcd1b8f130b4e80f4c77f8a0da930	2026-07-31T08:54:04-07:00	Hemanth Kumar Tirupati	GitHub	signed	be0d94015871a3791f13565e86c41c6355f09f8b	[frr]: Backport zebra fix for quick interface flaps in nexthop tracking (#28738)
be0d94015871a3791f13565e86c41c6355f09f8b	2026-07-31T08:44:03-07:00	DavidZagury	GitHub	signed	58c06c54502d13c46f70ce209cb9daa40c821a4f	[Mellanox] Start MST around SPC1 chassis CPLD firmware install (#28533)
58c06c54502d13c46f70ce209cb9daa40c821a4f	2026-07-31T08:42:24-07:00	Venu	GitHub	signed	882b7745e6dbae3a3bc391d9b7167d40d9733b37	[broadcom][dnx] Build DNX image with SDK 6.5.35 kernel modules + public SAI 15.2 (#28731)
882b7745e6dbae3a3bc391d9b7167d40d9733b37	2026-07-31T08:32:22-07:00	mssonicbld	GitHub	signed	7bee05ff51cd3a2bb91500e4a7914643b43c24bd	[Mellanox] Support  Mellanox-SN6600_LD-P128C2 for x86_64-nvidia_sn6600_ld-r0 platform (#28670)
7bee05ff51cd3a2bb91500e4a7914643b43c24bd	2026-08-01T01:13:13+10:00	mssonicbld	GitHub	signed	6f47063d031647ab7aff6528e8ea1b54b90aa27a	Cleanup PROCESS_HEALTH table in statedb during swss start (#28740)
6f47063d031647ab7aff6528e8ea1b54b90aa27a	2026-08-01T00:13:26+10:00	mssonicbld	GitHub	signed	65548741193780c2ad397271a8c537711fefb4b6	[submodule] Update submodule sonic-linux-kernel to the latest HEAD automatically (#28746)
65548741193780c2ad397271a8c537711fefb4b6	2026-08-01T00:13:19+10:00	mssonicbld	GitHub	signed	89ae323bca4e5777f36534b4a4e1f3470aeae4e4	[submodule] Update submodule sonic-host-services to the latest HEAD automatically (#28745)
89ae323bca4e5777f36534b4a4e1f3470aeae4e4	2026-07-31T08:13:38+10:00	mssonicbld	GitHub	signed	117222130e2dee22eb219cbc7adcd34234af0e94	[Mellanox] thermal_updater: stop writing 0 for ASIC not-ready/error (#28728)
117222130e2dee22eb219cbc7adcd34234af0e94	2026-07-31T08:13:30+10:00	mssonicbld	GitHub	signed	56b491b3d3b90f56af0ecae1a4a19afbb26eb508	[Mellanox] lazily import redis in module to reduce psud memory (#28727)
56b491b3d3b90f56af0ecae1a4a19afbb26eb508	2026-07-31T07:13:19+10:00	mssonicbld	GitHub	signed	258153211bef7642570bb81f8c4f6a49fed8e0f0	[Mellanox] add a new reset cause to the platform API (#28726)
258153211bef7642570bb81f8c4f6a49fed8e0f0	2026-07-30T13:25:51-07:00	mssonicbld	GitHub	signed	e5ae48ec9a9908e38463581903bae99e4eac5d24	Update yang module to support scientific notation in PFC watch dog (#28672)
e5ae48ec9a9908e38463581903bae99e4eac5d24	2026-07-30T13:25:33-07:00	mssonicbld	GitHub	signed	a37b21526199259fce9c0b7f7dd5edef69ac10e6	[submodule] Update submodule sonic-host-services to the latest HEAD automatically (#28701)
a37b21526199259fce9c0b7f7dd5edef69ac10e6	2026-07-30T11:16:49-07:00	mssonicbld	GitHub	signed	5e5f706ecea992c1857ec6d41eb2d27e61aaf07d	[submodule] Update submodule sonic-utilities to the latest HEAD automatically (#28704)
5e5f706ecea992c1857ec6d41eb2d27e61aaf07d	2026-07-30T11:15:45-07:00	mssonicbld	GitHub	signed	2ba26c9a75ff66da3fbe158c06a30183805d252e	[system-health] Fix sysready-status for stopped static services (#28677)
2ba26c9a75ff66da3fbe158c06a30183805d252e	2026-07-30T09:36:59-07:00	mssonicbld	GitHub	signed	d8e5a5603ed5b6412b3250c52a9e8b85810062fc	[bgpcfgd]: Use composite key for local_addresses to support VRF overlapping IPs (#28676)
d8e5a5603ed5b6412b3250c52a9e8b85810062fc	2026-07-30T08:49:31-07:00	Pratik Dam	GitHub	signed	8f1ec94481e3be561b6b7495b1436310035b9b91	[arp_update]: Fix dualtor performance regression by setting arping/ndisc6 wait timeout to 0 (#27058) (#28527)
8f1ec94481e3be561b6b7495b1436310035b9b91	2026-07-30T08:47:27-07:00	Austin (Thang Pham)	GitHub	signed	b4e8951ea667f2dbbeba20936ffc0129c765b3a5	ci: enable pr docker-ptf testing via dynamic detection (#28155)
b4e8951ea667f2dbbeba20936ffc0129c765b3a5	2026-07-30T08:43:29-07:00	Pavan Prakash	GitHub	signed	91d48e83587d934e0ff1dd0c77198081ba9509f1	[Nokia][pmon] Update Nokia sonic-platform submodule (#27811)
91d48e83587d934e0ff1dd0c77198081ba9509f1	2026-07-30T08:37:28-07:00	David Rozenblum	GitHub	signed	ef4af939f33ae811b44516cd7c2c3ca66d601dfc	Added sonic_release file for 202605 (#28131)
ef4af939f33ae811b44516cd7c2c3ca66d601dfc	2026-07-30T08:33:40-07:00	yijingyan2	GitHub	signed	514696d8fb537fff7dd1b0a727410efced37adbd	[ci][202605] refine docker-ptf pipeline to align with image download command change (#28203)
514696d8fb537fff7dd1b0a727410efced37adbd	2026-07-30T08:29:13-07:00	mssonicbld	GitHub	signed	04cc713f92d35f3b3caa0a1b6adf96d5fd050d88	[Mellanox] Support Mellanox-SN6600_LD-P64O128C2 for x86_64-nvidia_sn6600_ld-r0 platform (#28669)
04cc713f92d35f3b3caa0a1b6adf96d5fd050d88	2026-07-30T08:28:23-07:00	Lun Yue	GitHub	signed	7d2e88d0f17a3b22cfb62c2429663fe4f4231690	[202605] Backport docker-sonic-mgmt image and pipeline from master (#28536)
7d2e88d0f17a3b22cfb62c2429663fe4f4231690	2026-07-30T08:25:09-07:00	mssonicbld	GitHub	signed	e11b745a6ff71e760763d1f559ad69d7ef3ab003	[yang-models]: Add BackEndSpineRouter device type in yang model (#28642)
e11b745a6ff71e760763d1f559ad69d7ef3ab003	2026-07-30T08:24:18-07:00	mssonicbld	GitHub	signed	d164d267db1105088c8dc3c7c7b2a6a903e0eb58	[Mellanox][multi-asic] Add support for asic ready signal (#28671)
d164d267db1105088c8dc3c7c7b2a6a903e0eb58	2026-07-30T08:22:52-07:00	mssonicbld	GitHub	signed	9b4821f5a566d3d0774a138ec9e2a58aa9dd747a	[sflow] Fix hsflowd db_addWriteCB recursion / stack overflow on high-port-count switches (#28673)
9b4821f5a566d3d0774a138ec9e2a58aa9dd747a	2026-07-30T08:22:19-07:00	mssonicbld	GitHub	signed	75e188fdd7a8a1efc39d0526895d17b5b5cd79fc	[nvidia-bluefield] Add an ability to update aging interval (#28674)
75e188fdd7a8a1efc39d0526895d17b5b5cd79fc	2026-07-30T08:21:10-07:00	mssonicbld	GitHub	signed	f3df83759a8916105a0f9da224ddaf819c14f762	[Mellanox] Full reboot after FPGA refresh to recover DPUs (#28675)
f3df83759a8916105a0f9da224ddaf819c14f762	2026-07-30T08:18:43-07:00	mssonicbld	GitHub	signed	863dae870af56f5085558fe8a6779ff4de0909a3	[Mellanox] Enable warm-reboot on SN5640 SKUs (#28678)
863dae870af56f5085558fe8a6779ff4de0909a3	2026-07-30T08:17:28-07:00	Ryangwaite	GitHub	signed	8a859aace89a5283f8cba5b79bdc63e719edc98d	[system-health] Fix 90s stop timeout during cold reboot (#26809) (#28698)
8a859aace89a5283f8cba5b79bdc63e719edc98d	2026-07-30T08:16:29-07:00	mssonicbld	GitHub	signed	2ec90d7c69e99587c3f1de0c12f5c6aa4365bde9	[submodule] Update submodule sonic-platform-daemons to the latest HEAD automatically (#28702)
2ec90d7c69e99587c3f1de0c12f5c6aa4365bde9	2026-07-30T08:16:05-07:00	mssonicbld	GitHub	signed	ee68f85f5628f09d0474064e1f4850a3c2d11d01	[submodule] Update submodule sonic-swss to the latest HEAD automatically (#28703)
ee68f85f5628f09d0474064e1f4850a3c2d11d01	2026-07-29T22:32:02-07:00	aaronber0614	GitHub	signed	897ee2f41fab4dc17ed83172d6b601b92a977c71	[broadcom] Update Broadcom XGS SAI to 15.2.0.0.0.0.11.2 (#28623)
897ee2f41fab4dc17ed83172d6b601b92a977c71	2026-07-29T21:32:35-07:00	Ying Xie	GitHub	signed	2342e5f409ef61b9a85e0140d671075202807035	[ci][202605] Stop building aspeed_arm64 platform (#28694)
2342e5f409ef61b9a85e0140d671075202807035	2026-07-28T09:12:20+10:00	mssonicbld	GitHub	signed	0b5ff6103f86a68289acbefc0cb19120c5546e4f	[system-health]: Honor 'psu' and 'pdb' device ignore independently in hardware checker (#28616)
0b5ff6103f86a68289acbefc0cb19120c5546e4f	2026-07-27T22:12:43+10:00	mssonicbld	GitHub	signed	b0881deec8fb33f36ff77ee9701c6a9a4a20a973	[submodule] Update submodule sonic-platform-common to the latest HEAD automatically (#28620)
b0881deec8fb33f36ff77ee9701c6a9a4a20a973	2026-07-27T21:12:59+10:00	mssonicbld	GitHub	signed	46f23636a3920995f4c5fe6ba72e6f06f695fe82	[submodule] Update submodule sonic-swss to the latest HEAD automatically (#28627)
46f23636a3920995f4c5fe6ba72e6f06f695fe82	2026-07-27T15:12:42+10:00	mssonicbld	GitHub	signed	ba3fb8d5f5cd01431b26bcb3f302500c704a9037	[pmon]: Install libyaml-cpp runtime dependency (#28629)
ba3fb8d5f5cd01431b26bcb3f302500c704a9037	2026-07-26T15:03:43-07:00	ShiyanWangMS	GitHub	signed	ec1bb42e41984b8393998b1602830ce89f0b566c	[cisco-8000]: Update platform ref to 202605.1.0.2 (#28574)
ec1bb42e41984b8393998b1602830ce89f0b566c	2026-07-24T20:12:31+10:00	mssonicbld	GitHub	signed	de4f9f0baae9667c05bfe9fdeb1a4fdf4bd19d6c	[submodule] Update submodule sonic-platform-common to the latest HEAD automatically (#28611)
de4f9f0baae9667c05bfe9fdeb1a4fdf4bd19d6c	2026-07-23T23:47:26-07:00	aaronber0614	GitHub	signed	56933794df0868ee542a657b1915c5d172076602	[Broadcom][202605] Upgrade Broadcom xgs SAI version to 15.2.0.0.0.0.11.1 (#28549)
56933794df0868ee542a657b1915c5d172076602	2026-07-24T13:12:09+10:00	mssonicbld	GitHub	signed	6fa44850eb811b319daf8d0c80d17a8150e8f6b7	Update static_th values for TH5-512 hwskus (#28534)
6fa44850eb811b319daf8d0c80d17a8150e8f6b7	2026-07-23T18:13:13+10:00	mssonicbld	GitHub	signed	fdd86b52ffd5f054852247dd7abea0ad47cf4840	[docker-dash-engine]: Make supervisord-dependent-startup install base-agnostic (#28587)
fdd86b52ffd5f054852247dd7abea0ad47cf4840	2026-07-23T06:13:07+10:00	mssonicbld	GitHub	signed	fe5ae5db34c88c8e8d331b3d16c01540cef906ca	[submodule] Update submodule sonic-swss to the latest HEAD automatically (#28559)
fe5ae5db34c88c8e8d331b3d16c01540cef906ca	2026-07-20T21:12:35+10:00	mssonicbld	GitHub	signed	bf6195c7686114290d0c7308fd6066c04e931917	[submodule] Update submodule sonic-sairedis to the latest HEAD automatically (#28494)
bf6195c7686114290d0c7308fd6066c04e931917	2026-07-20T12:12:54+10:00	mssonicbld	GitHub	signed	2f78145f953b37bb2e12eb01492a3a8a9765a21d	[submodule] Update submodule sonic-utilities to the latest HEAD automatically (#28487)
2f78145f953b37bb2e12eb01492a3a8a9765a21d	2026-07-20T12:12:47+10:00	mssonicbld	GitHub	signed	2202a9e1652677934b927cfaeb948fa75ef1ea6b	[submodule] Update submodule sonic-sairedis to the latest HEAD automatically (#28312)
2202a9e1652677934b927cfaeb948fa75ef1ea6b	2026-07-16T22:13:10+10:00	mssonicbld	GitHub	signed	db7b649df5ea5b8a8426d554d7bc759331e81c0d	[submodule] Update submodule sonic-utilities to the latest HEAD automatically (#28422)
db7b649df5ea5b8a8426d554d7bc759331e81c0d	2026-07-16T21:46:56+10:00	Austin (Thang Pham)	GitHub	signed	0181c647f3dcf943fd4e5e2e51476ad1aa9b4015	fix(docker-ptf): update Go to 1.25.12 (#28425)
0181c647f3dcf943fd4e5e2e51476ad1aa9b4015	2026-07-16T20:12:53+10:00	mssonicbld	GitHub	signed	18a25e93d4d132e183c92fc232c7cccf593dc202	[submodule] Update submodule sonic-dash-ha to the latest HEAD automatically (#28261)
18a25e93d4d132e183c92fc232c7cccf593dc202	2026-07-15T21:28:37-07:00	Deepak Singhal	GitHub	signed	a52b2d50240f307d8008b3c9e1231c04d615174f	[sonic-frr]: backport FRRouting/frr PR 20181 to fix tcpdump-triggered route re-download (#28043) (#28418)
a52b2d50240f307d8008b3c9e1231c04d615174f	2026-07-15T16:11:51+10:00	Austin (Thang Pham)	GitHub	signed	8a5aacd020050ea9170b4b8aedda942d5dde64ad	fix(docker-ptf): replace end-of-life Wireshark with source-built 4.6.6 CLI tools (#28289)
8a5aacd020050ea9170b4b8aedda942d5dde64ad	2026-07-15T15:59:38+10:00	Austin (Thang Pham)	GitHub	signed	63f17ae505b85275482fef3274201014c07fed91	fix(docker-ptf): pin grpcio/grpcio-tools/protobuf so gNMI stubs load (#28271)
63f17ae505b85275482fef3274201014c07fed91	2026-07-14T14:02:29-07:00	Deepak Singhal	GitHub	signed	dab33bc2f093ac9634492f2dcac34718eca3b41d	[frr]: Fix zebra NB RIB route lookup_next route_node lock under-run (#28260)
dab33bc2f093ac9634492f2dcac34718eca3b41d	2026-07-15T04:12:37+10:00	mssonicbld	GitHub	signed	b8d795d9421847c877901ad14a7e31ab4ad74d71	[ci] correctly treat nvidia-bluefield as arm64 when freezing the versions (#28285)
b8d795d9421847c877901ad14a7e31ab4ad74d71	2026-07-15T02:12:57+10:00	mssonicbld	GitHub	signed	8c01c4bd1ab49aa6d2fcbe089d5e68dd30df208f	[submodule] Update submodule sonic-utilities to the latest HEAD automatically (#28402)
8c01c4bd1ab49aa6d2fcbe089d5e68dd30df208f	2026-07-15T01:12:47+10:00	mssonicbld	GitHub	signed	a94b04df69b43cfec59eddaac54b5c673f1cc2ff	[submodule] Update submodule dhcpmon to the latest HEAD automatically (#28350)
a94b04df69b43cfec59eddaac54b5c673f1cc2ff	2026-07-14T19:13:21+10:00	mssonicbld	GitHub	signed	4fbeb85302ee24c96986c1e1722b4b7d7b6a7559	[submodule] Update submodule sonic-platform-common to the latest HEAD automatically (#28311)
4fbeb85302ee24c96986c1e1722b4b7d7b6a7559	2026-07-14T19:13:09+10:00	mssonicbld	GitHub	signed	b9b3b0bcb4edcef9a394a223035d131f0cddd441	[yang-mgmt] Treat empty CONFIG DB leaf-list (['']) as empty so libyang3 accepts empty pattern-constrained leaf-lists (#28308)
b9b3b0bcb4edcef9a394a223035d131f0cddd441	2026-07-14T10:13:42+10:00	mssonicbld	GitHub	signed	a07805687aa6237304461bc0658564ee9fe91de6	[submodule] Update submodule sonic-utilities to the latest HEAD automatically (#28385)
a07805687aa6237304461bc0658564ee9fe91de6	2026-07-09T13:49:33-07:00	Justin Wong	GitHub	signed	9c84048a4240ea5d358f74b0821d2d51bba9a3b5	[202605] Bump arista drivers submodule commit hash(#28223)
9c84048a4240ea5d358f74b0821d2d51bba9a3b5	2026-07-05T19:12:46+10:00	mssonicbld	GitHub	signed	68e952b30f2be0c6f564c0c8a483b95eb030a703	[submodule] Update submodule sonic-dash-ha to the latest HEAD automatically (#28234)
68e952b30f2be0c6f564c0c8a483b95eb030a703	2026-07-04T20:12:28+10:00	mssonicbld	GitHub	signed	3b86d132fa57b86616753a76d17e6d17b0790268	[submodule] Update submodule dhcpmon to the latest HEAD automatically (#28232)
3b86d132fa57b86616753a76d17e6d17b0790268	2026-07-04T19:12:55+10:00	mssonicbld	GitHub	signed	77cfa809d74ea27fbee20920434b456cebb123dd	[submodule] Update submodule sonic-sairedis to the latest HEAD automatically (#28242)
77cfa809d74ea27fbee20920434b456cebb123dd	2026-07-03T20:13:15+10:00	mssonicbld	GitHub	signed	eaf24f49a4c0d6832c902b3bc2941e2f13ffffdf	[submodule] Update submodule sonic-sairedis to the latest HEAD automatically (#28235)
eaf24f49a4c0d6832c902b3bc2941e2f13ffffdf	2026-07-01T16:12:51+10:00	mssonicbld	GitHub	signed	f55dc7c1e85c0aec2cef25992a4a4455c503d394	[build] Stop installing python3-regex via apt to avoid pip uninstall-no-record-file failure (#28182)
f55dc7c1e85c0aec2cef25992a4a4455c503d394	2026-06-29T18:12:44+10:00	mssonicbld	GitHub	signed	0da1ad7089fa31fffadec140a306ab1de3b4218b	[submodule] Update submodule sonic-dash-ha to the latest HEAD automatically (#28104)
0da1ad7089fa31fffadec140a306ab1de3b4218b	2026-06-28T17:13:20-07:00	Aravind-Subbaroyan	GitHub	signed	3738c7879e9d7de0f879b0a7fd1a1e26cdc27944	Update cisco-8000.ini (#28120)
3738c7879e9d7de0f879b0a7fd1a1e26cdc27944	2026-06-28T05:12:47+10:00	mssonicbld	GitHub	signed	19d89fa8b5744efdb0c8ede10ba329f9b9b1eabc	[ci/build]: Upgrade SONiC package versions (#28123)
19d89fa8b5744efdb0c8ede10ba329f9b9b1eabc	2026-06-26T11:42:56-07:00	rameshraghupathy	GitHub	signed	c89365b590606156802ec6fe81db49fa87ab7a32	[docker] Prevent first-boot platform startup failures by disabling IPv6 iptables management (#28024)
c89365b590606156802ec6fe81db49fa87ab7a32	2026-06-26T20:12:52+10:00	mssonicbld	GitHub	signed	6757a7152121656b9878eadbf246078087f4ba40	[submodule] Update submodule sonic-swss to the latest HEAD automatically (#28058)
6757a7152121656b9878eadbf246078087f4ba40	2026-06-25T15:05:23-07:00	Vasundhara Volam	GitHub	signed	ec2aea9779d402d2f22146ff637b69df21ac07ab	[smartswitch]: Add dpu_auto_recovery flag to SmartSwitch NPU default config (#27385) (#27792)
ec2aea9779d402d2f22146ff637b69df21ac07ab	2026-06-25T23:12:54+10:00	mssonicbld	GitHub	signed	19f6272c01c8f687f38ab6c15f559e6f2a0521cf	[submodule] Update submodule sonic-dash-ha to the latest HEAD automatically (#28082)
19f6272c01c8f687f38ab6c15f559e6f2a0521cf	2026-06-24T21:12:59+10:00	mssonicbld	GitHub	signed	2ac9fd1140d8d365e75645d78048869bb9391899	[dhcp_server] make dhcpservd readiness check idempotent (#28056)
2ac9fd1140d8d365e75645d78048869bb9391899	2026-06-24T20:12:58+10:00	mssonicbld	GitHub	signed	17a11c3c9aa389a1e836d56151305c1e33c26d62	[build] upgrade p4lang-pi package version (#28052)
17a11c3c9aa389a1e836d56151305c1e33c26d62	2026-06-23T15:43:28-07:00	yijingyan2	GitHub	signed	2101240ae6a181b8d2905e391084719fc2c0afb6	add a pipeline to build and publish docker-ptf (#28034)
2101240ae6a181b8d2905e391084719fc2c0afb6	2026-06-23T20:12:30+10:00	mssonicbld	GitHub	signed	ad3f55286a2dc0f89c0c4186bb078fbf70585d0d	[Mellanox] Fix thermalctld ValueError when reading sai.profile during reload (#28040)
ad3f55286a2dc0f89c0c4186bb078fbf70585d0d	2026-06-23T08:12:26+10:00	mssonicbld	GitHub	signed	213900c7a74baddb1025d5695a83750f2319758a	[Broadcom] Upgrade Broadcom xgs SAI version to 15.2.0.0.0.0.3.1 (#28022)
213900c7a74baddb1025d5695a83750f2319758a	2026-06-22T19:12:40+10:00	mssonicbld	GitHub	signed	27c671bf191aab8a0ddd8a7801d72359bdc693f9	[submodule] Update submodule sonic-dash-ha to the latest HEAD automatically (#28013)
27c671bf191aab8a0ddd8a7801d72359bdc693f9	2026-06-22T13:12:37+10:00	mssonicbld	GitHub	signed	9954cef6ba4e356a2661edb6ba0cae4db6e37707	[broadcom] Bump legacy-th SAI to 13.2.1.120 (OCP 1.18.1 compat) (#27990)
9954cef6ba4e356a2661edb6ba0cae4db6e37707	2026-06-22T03:13:00+10:00	mssonicbld	GitHub	signed	20d8bc523ef3a6ced4ab41cf427e455540dd61c8	[submodule] Update submodule sonic-stp to the latest HEAD automatically (#27969)
20d8bc523ef3a6ced4ab41cf427e455540dd61c8	2026-06-22T03:12:53+10:00	mssonicbld	GitHub	signed	42035a8538f358163f6a0e661a492c4c382d8539	[submodule] Update submodule sonic-dash-ha to the latest HEAD automatically (#27967)
42035a8538f358163f6a0e661a492c4c382d8539	2026-06-20T19:12:55+10:00	mssonicbld	GitHub	signed	6ecff5795c91a6038c74484b79adeb3f98530ef5	[submodule] Update submodule sonic-snmpagent to the latest HEAD automatically (#27968)
6ecff5795c91a6038c74484b79adeb3f98530ef5	2026-06-20T18:12:35+10:00	mssonicbld	GitHub	signed	8df918a74729503c289fd7461dcaf84386d528f0	[submodule] Update submodule sonic-restapi to the latest HEAD automatically (#27958)
8df918a74729503c289fd7461dcaf84386d528f0	2026-06-20T17:13:09+10:00	mssonicbld	GitHub	signed	08521d69d0304b5a0f95595b7439fce4977c731f	[submodule] Update submodule platform/vpp to the latest HEAD automatically (#27965)
08521d69d0304b5a0f95595b7439fce4977c731f	2026-06-20T03:13:12+10:00	mssonicbld	GitHub	signed	777ed7ef68777374d0afaaeafded3c89c433bb73	[submodule] Update submodule sonic-redfish to the latest HEAD automatically (#27973)
777ed7ef68777374d0afaaeafded3c89c433bb73	2026-06-18T12:13:07+10:00	mssonicbld	GitHub	signed	8dfe4adbe2ecbee640d77848a7733abd61b5e180	[submodule] Update submodule sonic-snmpagent to the latest HEAD automatically (#27959)
8dfe4adbe2ecbee640d77848a7733abd61b5e180	2026-06-18T12:12:56+10:00	mssonicbld	GitHub	signed	e78680cb11c18ca9dca9eab492982c7296ccfdcd	[submodule] Update submodule sonic-dash-ha to the latest HEAD automatically (#27952)
e78680cb11c18ca9dca9eab492982c7296ccfdcd	2026-06-18T12:12:49+10:00	mssonicbld	GitHub	signed	5192c67e6b543779ace4f23f0828d5b6a2aa7073	[submodule] Update submodule linkmgrd to the latest HEAD automatically (#27949)
5192c67e6b543779ace4f23f0828d5b6a2aa7073	2026-06-18T12:12:41+10:00	mssonicbld	GitHub	signed	1bb59a4f0ff2ab7d809d4d1d196467dde7520c09	[submodule] Update submodule dhcprelay to the latest HEAD automatically (#27948)
1bb59a4f0ff2ab7d809d4d1d196467dde7520c09	2026-06-18T11:13:05+10:00	mssonicbld	GitHub	signed	33291c8896cdcebca64abfdef894ca6e29c1e739	[submodule] Update submodule sonic-platform-daemons to the latest HEAD automatically (#27956)
33291c8896cdcebca64abfdef894ca6e29c1e739	2026-06-18T05:12:53+10:00	mssonicbld	GitHub	signed	f06274df15aa7c736b991c156391db3082ff9399	[submodule] Update submodule sonic-platform-common to the latest HEAD automatically (#27955)
f06274df15aa7c736b991c156391db3082ff9399	2026-06-18T03:13:02+10:00	mssonicbld	GitHub	signed	5d56b2733eb615ac76ff3bd17b6c752817624bf1	[submodule] Update submodule sonic-py-swsssdk to the latest HEAD automatically (#27957)
5d56b2733eb615ac76ff3bd17b6c752817624bf1	2026-06-18T01:13:10+10:00	mssonicbld	GitHub	signed	0e3224dd15299d91f5d5d2bcb78d7545b10acdba	[submodule] Update submodule sonic-dbsyncd to the latest HEAD automatically (#27953)
0e3224dd15299d91f5d5d2bcb78d7545b10acdba	2026-06-17T23:13:51+10:00	mssonicbld	GitHub	signed	2257a896991d71291579b1ebbe08a8be676519b0	[submodule] Update submodule sonic-host-services to the latest HEAD automatically (#27954)
2257a896991d71291579b1ebbe08a8be676519b0	2026-06-17T21:13:14+10:00	mssonicbld	GitHub	signed	7c11c58c300637d0f925e35a075c920e8a499f96	[submodule] Update submodule sonic-bmp to the latest HEAD automatically (#27950)
7c11c58c300637d0f925e35a075c920e8a499f96	2026-06-17T00:12:57+10:00	mssonicbld	GitHub	signed	5ab5ab66ceccca863914684cf9890cfa71cff9f5	[submodule] Update submodule sonic-sairedis to the latest HEAD automatically (#27912)
5ab5ab66ceccca863914684cf9890cfa71cff9f5	2026-06-16T00:13:16+10:00	mssonicbld	GitHub	signed	eba702cd2de3fa6e2c9fa58a59d415dec8d7a9b2	[submodule] Update submodule sonic-utilities to the latest HEAD automatically (#27892)
eba702cd2de3fa6e2c9fa58a59d415dec8d7a9b2	2026-06-15T18:12:41+10:00	mssonicbld	GitHub	signed	0e755959148d9f1444cf5ff4d9c3a374e29ed7e4	[submodule] Update submodule platform/vpp to the latest HEAD automatically (#27891)
0e755959148d9f1444cf5ff4d9c3a374e29ed7e4	2026-06-14T21:12:54+08:00	mssonicbld	GitHub	signed	c93c09366c402f5d9392b061a6513644015a8d93	[submodule] Update submodule sonic-swss-common to the latest HEAD automatically (#27879)
c93c09366c402f5d9392b061a6513644015a8d93	2026-06-14T18:12:52+08:00	mssonicbld	GitHub	signed	2d1d944d7c8805ff8db20790cc1e35a702072449	[submodule] Update submodule sonic-swss to the latest HEAD automatically (#27878)
2d1d944d7c8805ff8db20790cc1e35a702072449	2026-06-13T23:06:12-07:00	yijingyan2	GitHub	signed	d0a0db6232b51bcedf2b86dc46a40e46e1dc54b1	add LIBYANG3_PY3 to lib-packages (#27881)
d0a0db6232b51bcedf2b86dc46a40e46e1dc54b1	2026-06-13T23:04:30-07:00	mssonicbld	GitHub	signed	f4fbfd39d91a74549361ef7b481ff52482962c12	[commonlib] Add libnexthopgroup (sonic-fib) to lib-packages target (#27880)
f4fbfd39d91a74549361ef7b481ff52482962c12	2026-06-14T10:12:53+08:00	mssonicbld	GitHub	signed	92edf131b1a7a49ec0187a1ca142a1be8ba0b87b	[ci/build]: Upgrade SONiC package versions (#27873)
92edf131b1a7a49ec0187a1ca142a1be8ba0b87b	2026-06-13T13:04:24-07:00	mssonicbld	GitHub	signed	da1b022cf7054490ff7f26c618c0398f41e5aa31	[submodule][202605] Update submodule sonic-utilities to the latest HEAD automatically (#27773)
da1b022cf7054490ff7f26c618c0398f41e5aa31	2026-06-13T20:12:47+08:00	mssonicbld	GitHub	signed	ed70e90fefe75b0081560a0b2f3321963c2df994	[submodule] Update submodule sonic-swss to the latest HEAD automatically (#27772)
ed70e90fefe75b0081560a0b2f3321963c2df994	2026-06-12T15:24:34-07:00	mssonicbld	GitHub	signed	e2d240c7aad2a9b2bd8a5f8c809a4417899a9b9b	Fix p4lang file removal path (#27856)
e2d240c7aad2a9b2bd8a5f8c809a4417899a9b9b	2026-06-13T05:12:38+08:00	mssonicbld	GitHub	signed	8841ccaeade283acf167476e5b58e8ca823da204	Add new sku for SmartSwitch Mellanox-SN4280-O4X96 (#27834)
8841ccaeade283acf167476e5b58e8ca823da204	2026-06-11T19:52:25-07:00	rookie-who	GitHub	signed	d2631564a78f639e39296ab2d29a9009a6820b68	[202605] Tell p4lang to use protobuf and grpcio installed via pip (#27825)
d2631564a78f639e39296ab2d29a9009a6820b68	2026-06-12T07:12:00+08:00	mssonicbld	GitHub	signed	82b7ea952fa9c7f264b5143ba424ae0a12d7e220	[submodule] Update submodule sonic-host-services to the latest HEAD automatically (#27715)
82b7ea952fa9c7f264b5143ba424ae0a12d7e220	2026-06-12T02:12:54+08:00	mssonicbld	GitHub	signed	0b323f923fd36d411e6df06faadca039299e3c61	[rules] Remove libyang1, keep only libyang3 (#27783)
0b323f923fd36d411e6df06faadca039299e3c61	2026-06-11T06:12:38+08:00	mssonicbld	GitHub	signed	3172388d0e1b778e005d16666801dbb374a332ea	[submodule] Update submodule sonic-platform-common to the latest HEAD automatically (#27768)
3172388d0e1b778e005d16666801dbb374a332ea	2026-06-11T06:12:26+08:00	mssonicbld	GitHub	signed	910152b6f737107baf1133e835021e9abada9b1b	[submodule] Update submodule sonic-linux-kernel to the latest HEAD automatically (#27716)
910152b6f737107baf1133e835021e9abada9b1b	2026-06-11T04:40:39+08:00	mssonicbld	GitHub	signed	693f4033df0dd086342aa46cdd0cf4cb19bcffe7	[submodule] Update submodule sonic-sairedis to the latest HEAD automatically (#27771)
693f4033df0dd086342aa46cdd0cf4cb19bcffe7	2026-06-11T04:40:32+08:00	mssonicbld	GitHub	signed	3d4fba65a9be1e312bbe8026b6a10fb50e172b6a	[submodule] Update submodule sonic-restapi to the latest HEAD automatically (#27770)
3d4fba65a9be1e312bbe8026b6a10fb50e172b6a	2026-06-11T04:40:09+08:00	mssonicbld	GitHub	signed	2de0e6798d037130443079d74d4072e4b5afe725	[submodule] Update submodule sonic-gnmi to the latest HEAD automatically (#27713)
2de0e6798d037130443079d74d4072e4b5afe725	2026-06-11T00:15:49+08:00	mssonicbld	GitHub	signed	8ef0ea654c728aa1489d8afa132892ba26e3c70e	[submodule] Update submodule dhcpmon to the latest HEAD automatically (#27708)
8ef0ea654c728aa1489d8afa132892ba26e3c70e	2026-06-10T22:13:01+08:00	mssonicbld	GitHub	signed	827617f3594991689ed3b5cdf6f336b5320be721	[submodule] Update submodule sonic-dash-ha to the latest HEAD automatically (#27710)
827617f3594991689ed3b5cdf6f336b5320be721	2026-06-10T21:12:27+08:00	mssonicbld	GitHub	signed	2082e4eeb916b1ba8b939a281ec36e3e5edf1496	[submodule] Update submodule sonic-genl-packet to the latest HEAD automatically (#27711)
2082e4eeb916b1ba8b939a281ec36e3e5edf1496	2026-06-10T19:40:40+08:00	mssonicbld	GitHub	signed	2b81d7fc01a748c052ce29b011fb9cf9ece4beb9	[submodule] Update submodule sonic-mgmt-framework to the latest HEAD automatically (#27718)
2b81d7fc01a748c052ce29b011fb9cf9ece4beb9	2026-06-10T06:12:44+08:00	mssonicbld	GitHub	signed	16b1f4757fb5c0508ab789f44456a292993889c8	Fix grpc version installed in the pmon container (#27743)
16b1f4757fb5c0508ab789f44456a292993889c8	2026-06-10T02:13:24+08:00	mssonicbld	GitHub	signed	ea4acb6bc29ea5a35237e04683089361c5193bf0	[docker-fpm-frr]: Fix tcmalloc package name for Trixie armhf (#27758)
